"Zone","URL","Sex","Cancer","Years","Counties","Places","AAIR","LCI","UCI","White_PopTot","White_AAIR","White_LCI","White_UCI","Black_PopTot","Black_AAIR","Black_LCI","Black_UCI","TotalPop","PctMinority","PctHispanic","PctBlackNH","PctRural","PctBelowPov","PctEducLHS","PctEducBch","PctNoHealthIns"
"A9013","https://www.example.com?address=A9013","Both","AllSite","05yrs","Bossier","Bossier City, Red Chute, Eastwood, Haughton",467.3,442.9,492.8,210982,477.3,449.4,506.4,58714,448.4,387.4,516.0,56934,30.1,7.16,18.35,23.33,12.49,11.24,21.51,11.17
"A9013","https://www.example.com?address=A9013","Female","AllSite","05yrs","Bossier","Bossier City, Red Chute, Eastwood, Haughton",414.1,382.5,447.5,105236,422.3,385.9,461.2,30177,415.9,337.6,506.6,56934,30.1,7.16,18.35,23.33,12.49,11.24,21.51,11.17
"A9013","https://www.example.com?address=A9013","Male","AllSite","05yrs","Bossier","Bossier City, Red Chute, Eastwood, Haughton",535.1,496.7,575.7,105746,545.7,502.6,591.7,28537,489.3,394.5,599.3,56934,30.1,7.16,18.35,23.33,12.49,11.24,21.51,11.17
"A9013","https://www.example.com?address=A9013","Male","Prostate","05yrs","Bossier","Bossier City, Red Chute, Eastwood, Haughton",121.3,103.6,141.1,105746,104.9,86.8,125.8,28537,203.7,144.3,278.6,56934,30.1,7.16,18.35,23.33,12.49,11.24,21.51,11.17
"A9013","https://www.example.com?address=A9013","Both","Lung","05yrs","Bossier","Bossier City, Red Chute, Eastwood, Haughton",78.4,68.6,89.2,210982,83.3,72.1,95.9,58714,47.4,29.9,71.6,56934,30.1,7.16,18.35,23.33,12.49,11.24,21.51,11.17
"A9013","https://www.example.com?address=A9013","Female","Lung","05yrs","Bossier","Bossier City, Red Chute, Eastwood, Haughton",68.4,56.1,82.7,105236,75.5,61.0,92.7,30177,"","","",56934,30.1,7.16,18.35,23.33,12.49,11.24,21.51,11.17
"A9013","https://www.example.com?address=A9013","Male","Lung","05yrs","Bossier","Bossier City, Red Chute, Eastwood, Haughton",90.7,75.2,108.3,105746,93.1,76.0,113.1,28537,"","","",56934,30.1,7.16,18.35,23.33,12.49,11.24,21.51,11.17
"A9013","https://www.example.com?address=A9013","Female","Breast","05yrs","Bossier","Bossier City, Red Chute, Eastwood, Haughton",115.4,99.0,133.7,105236,108.8,90.6,129.6,30177,158.9,113.2,216.9,56934,30.1,7.16,18.35,23.33,12.49,11.24,21.51,11.17
"A9013","https://www.example.com?address=A9013","Both","CRC","05yrs","Bossier","Bossier City, Red Chute, Eastwood, Haughton",43.3,36.0,51.5,210982,44.7,36.4,54.4,58714,51.2,31.3,78.5,56934,30.1,7.16,18.35,23.33,12.49,11.24,21.51,11.17
"A9013","https://www.example.com?address=A9013","Female","CRC","05yrs","Bossier","Bossier City, Red Chute, Eastwood, Haughton",34.3,25.7,44.8,105236,35.9,26.1,48.5,30177,"","","",56934,30.1,7.16,18.35,23.33,12.49,11.24,21.51,11.17
"A9013","https://www.example.com?address=A9013","Male","CRC","05yrs","Bossier","Bossier City, Red Chute, Eastwood, Haughton",54.3,42.4,68.5,105746,55.1,41.7,71.4,28537,"","","",56934,30.1,7.16,18.35,23.33,12.49,11.24,21.51,11.17
"A9013","https://www.example.com?address=A9013","Both","Kidney","05yrs","Bossier","Bossier City, Red Chute, Eastwood, Haughton",19.3,14.7,25.0,210982,19.7,14.4,26.5,58714,"","","",56934,30.1,7.16,18.35,23.33,12.49,11.24,21.51,11.17
"A9013","https://www.example.com?address=A9013","Female","Kidney","05yrs","Bossier","Bossier City, Red Chute, Eastwood, Haughton",11.7,7.0,18.5,105236,"","","",30177,"","","",56934,30.1,7.16,18.35,23.33,12.49,11.24,21.51,11.17
"A9013","https://www.example.com?address=A9013","Male","Kidney","05yrs","Bossier","Bossier City, Red Chute, Eastwood, Haughton",28.2,20.1,38.6,105746,29.3,20.1,41.4,28537,"","","",56934,30.1,7.16,18.35,23.33,12.49,11.24,21.51,11.17
"A9013","https://www.example.com?address=A9013","Both","NHL","05yrs","Bossier","Bossier City, Red Chute, Eastwood, Haughton",21.6,16.5,27.7,210982,23.9,17.9,31.2,58714,"","","",56934,30.1,7.16,18.35,23.33,12.49,11.24,21.51,11.17
"A9013","https://www.example.com?address=A9013","Female","NHL","05yrs","Bossier","Bossier City, Red Chute, Eastwood, Haughton",18.0,11.8,26.2,105236,18.4,11.4,28.1,30177,"","","",56934,30.1,7.16,18.35,23.33,12.49,11.24,21.51,11.17
"A9013","https://www.example.com?address=A9013","Male","NHL","05yrs","Bossier","Bossier City, Red Chute, Eastwood, Haughton",25.3,17.6,35.3,105746,29.7,20.4,41.9,28537,"","","",56934,30.1,7.16,18.35,23.33,12.49,11.24,21.51,11.17
"A9013","https://www.example.com?address=A9013","Both","Urinary","05yrs","Bossier","Bossier City, Red Chute, Eastwood, Haughton",16.4,12.1,21.8,210982,18.7,13.5,25.3,58714,"","","",56934,30.1,7.16,18.35,23.33,12.49,11.24,21.51,11.17
"A9013","https://www.example.com?address=A9013","Female","Urinary","05yrs","Bossier","Bossier City, Red Chute, Eastwood, Haughton","","","",105236,"","","",30177,"","","",56934,30.1,7.16,18.35,23.33,12.49,11.24,21.51,11.17
"A9013","https://www.example.com?address=A9013","Male","Urinary","05yrs","Bossier","Bossier City, Red Chute, Eastwood, Haughton",26.5,18.4,36.7,105746,29.5,20.1,41.8,28537,"","","",56934,30.1,7.16,18.35,23.33,12.49,11.24,21.51,11.17
"A9013","https://www.example.com?address=A9013","Both","Mela","05yrs","Bossier","Bossier City, Red Chute, Eastwood, Haughton",14.7,10.6,19.9,210982,17.8,12.7,24.2,58714,"","","",56934,30.1,7.16,18.35,23.33,12.49,11.24,21.51,11.17
"A9013","https://www.example.com?address=A9013","Female","Mela","05yrs","Bossier","Bossier City, Red Chute, Eastwood, Haughton","","","",105236,"","","",30177,"","","",56934,30.1,7.16,18.35,23.33,12.49,11.24,21.51,11.17
"A9013","https://www.example.com?address=A9013","Male","Mela","05yrs","Bossier","Bossier City, Red Chute, Eastwood, Haughton",23.3,15.6,33.4,105746,26.6,17.6,38.6,28537,"","","",56934,30.1,7.16,18.35,23.33,12.49,11.24,21.51,11.17
"A9013","https://www.example.com?address=A9013","Both","Pancreas","05yrs","Bossier","Bossier City, Red Chute, Eastwood, Haughton",13.0,9.2,17.9,210982,14.8,10.3,20.7,58714,"","","",56934,30.1,7.16,18.35,23.33,12.49,11.24,21.51,11.17
"A9013","https://www.example.com?address=A9013","Female","Pancreas","05yrs","Bossier","Bossier City, Red Chute, Eastwood, Haughton",13.6,8.5,20.7,105236,15.2,9.3,23.8,30177,"","","",56934,30.1,7.16,18.35,23.33,12.49,11.24,21.51,11.17
"A9013","https://www.example.com?address=A9013","Male","Pancreas","05yrs","Bossier","Bossier City, Red Chute, Eastwood, Haughton",12.3,6.9,20.0,105746,"","","",28537,"","","",56934,30.1,7.16,18.35,23.33,12.49,11.24,21.51,11.17
"A9013","https://www.example.com?address=A9013","Both","Leuks","05yrs","Bossier","Bossier City, Red Chute, Eastwood, Haughton",15.2,11.1,20.3,210982,16.7,11.8,23.0,58714,"","","",56934,30.1,7.16,18.35,23.33,12.49,11.24,21.51,11.17
"A9013","https://www.example.com?address=A9013","Female","Leuks","05yrs","Bossier","Bossier City, Red Chute, Eastwood, Haughton",15.3,9.6,23.0,105236,15.4,8.8,24.9,30177,"","","",56934,30.1,7.16,18.35,23.33,12.49,11.24,21.51,11.17
"A9013","https://www.example.com?address=A9013","Male","Leuks","05yrs","Bossier","Bossier City, Red Chute, Eastwood, Haughton",15.8,9.9,23.8,105746,18.9,11.8,28.9,28537,"","","",56934,30.1,7.16,18.35,23.33,12.49,11.24,21.51,11.17
"A9013","https://www.example.com?address=A9013","Both","Oral","05yrs","Bossier","Bossier City, Red Chute, Eastwood, Haughton",16.4,12.1,21.7,210982,18.2,13.1,24.7,58714,"","","",56934,30.1,7.16,18.35,23.33,12.49,11.24,21.51,11.17
"A9013","https://www.example.com?address=A9013","Female","Oral","05yrs","Bossier","Bossier City, Red Chute, Eastwood, Haughton","","","",105236,"","","",30177,"","","",56934,30.1,7.16,18.35,23.33,12.49,11.24,21.51,11.17
"A9013","https://www.example.com?address=A9013","Male","Oral","05yrs","Bossier","Bossier City, Red Chute, Eastwood, Haughton",23.7,16.4,33.3,105746,24.4,16.1,35.5,28537,"","","",56934,30.1,7.16,18.35,23.33,12.49,11.24,21.51,11.17
"A9013","https://www.example.com?address=A9013","Both","Thyroid","05yrs","Bossier","Bossier City, Red Chute, Eastwood, Haughton",13.2,9.3,18.0,210982,13.5,9.0,19.4,58714,"","","",56934,30.1,7.16,18.35,23.33,12.49,11.24,21.51,11.17
"A9013","https://www.example.com?address=A9013","Female","Thyroid","05yrs","Bossier","Bossier City, Red Chute, Eastwood, Haughton",20.0,13.4,28.6,105236,19.9,12.3,30.5,30177,"","","",56934,30.1,7.16,18.35,23.33,12.49,11.24,21.51,11.17
"A9013","https://www.example.com?address=A9013","Male","Thyroid","05yrs","Bossier","Bossier City, Red Chute, Eastwood, Haughton","","","",105746,"","","",28537,"","","",56934,30.1,7.16,18.35,23.33,12.49,11.24,21.51,11.17
"A9013","https://www.example.com?address=A9013","Female","Uterine","05yrs","Bossier","Bossier City, Red Chute, Eastwood, Haughton",18.3,12.3,26.4,105236,19.4,12.3,29.2,30177,"","","",56934,30.1,7.16,18.35,23.33,12.49,11.24,21.51,11.17
"A9013","https://www.example.com?address=A9013","Both","Liver","05yrs","Bossier","Bossier City, Red Chute, Eastwood, Haughton",6.7,4.2,10.3,210982,8.9,5.6,13.6,58714,"","","",56934,30.1,7.16,18.35,23.33,12.49,11.24,21.51,11.17
"A9013","https://www.example.com?address=A9013","Female","Liver","05yrs","Bossier","Bossier City, Red Chute, Eastwood, Haughton","","","",105236,"","","",30177,"","","",56934,30.1,7.16,18.35,23.33,12.49,11.24,21.51,11.17
"A9013","https://www.example.com?address=A9013","Male","Liver","05yrs","Bossier","Bossier City, Red Chute, Eastwood, Haughton",12.5,7.5,19.7,105746,16.2,9.7,25.6,28537,"","","",56934,30.1,7.16,18.35,23.33,12.49,11.24,21.51,11.17
"A9013","https://www.example.com?address=A9013","Both","Stomach","05yrs","Bossier","Bossier City, Red Chute, Eastwood, Haughton",6.5,3.9,10.2,210982,"","","",58714,"","","",56934,30.1,7.16,18.35,23.33,12.49,11.24,21.51,11.17
"A9013","https://www.example.com?address=A9013","Female","Stomach","05yrs","Bossier","Bossier City, Red Chute, Eastwood, Haughton","","","",105236,"","","",30177,"","","",56934,30.1,7.16,18.35,23.33,12.49,11.24,21.51,11.17
"A9013","https://www.example.com?address=A9013","Male","Stomach","05yrs","Bossier","Bossier City, Red Chute, Eastwood, Haughton","","","",105746,"","","",28537,"","","",56934,30.1,7.16,18.35,23.33,12.49,11.24,21.51,11.17
"A9013","https://www.example.com?address=A9013","Both","Myeloma","05yrs","Bossier","Bossier City, Red Chute, Eastwood, Haughton",7.9,5.0,11.8,210982,7.6,4.5,12.2,58714,"","","",56934,30.1,7.16,18.35,23.33,12.49,11.24,21.51,11.17
"A9013","https://www.example.com?address=A9013","Female","Myeloma","05yrs","Bossier","Bossier City, Red Chute, Eastwood, Haughton","","","",105236,"","","",30177,"","","",56934,30.1,7.16,18.35,23.33,12.49,11.24,21.51,11.17
"A9013","https://www.example.com?address=A9013","Male","Myeloma","05yrs","Bossier","Bossier City, Red Chute, Eastwood, Haughton","","","",105746,"","","",28537,"","","",56934,30.1,7.16,18.35,23.33,12.49,11.24,21.51,11.17
"A9013","https://www.example.com?address=A9013","Both","Brain","05yrs","Bossier","Bossier City, Red Chute, Eastwood, Haughton",8.9,5.8,13.0,210982,9.5,5.9,14.5,58714,"","","",56934,30.1,7.16,18.35,23.33,12.49,11.24,21.51,11.17
"A9013","https://www.example.com?address=A9013","Female","Brain","05yrs","Bossier","Bossier City, Red Chute, Eastwood, Haughton","","","",105236,"","","",30177,"","","",56934,30.1,7.16,18.35,23.33,12.49,11.24,21.51,11.17
"A9013","https://www.example.com?address=A9013","Male","Brain","05yrs","Bossier","Bossier City, Red Chute, Eastwood, Haughton","","","",105746,"","","",28537,"","","",56934,30.1,7.16,18.35,23.33,12.49,11.24,21.51,11.17
"A9013","https://www.example.com?address=A9013","Both","Larynx","05yrs","Bossier","Bossier City, Red Chute, Eastwood, Haughton","","","",210982,"","","",58714,"","","",56934,30.1,7.16,18.35,23.33,12.49,11.24,21.51,11.17
"A9013","https://www.example.com?address=A9013","Female","Larynx","05yrs","Bossier","Bossier City, Red Chute, Eastwood, Haughton","","","",105236,"","","",30177,"","","",56934,30.1,7.16,18.35,23.33,12.49,11.24,21.51,11.17
"A9013","https://www.example.com?address=A9013","Male","Larynx","05yrs","Bossier","Bossier City, Red Chute, Eastwood, Haughton","","","",105746,"","","",28537,"","","",56934,30.1,7.16,18.35,23.33,12.49,11.24,21.51,11.17
"A9013","https://www.example.com?address=A9013","Female","Ovary","05yrs","Bossier","Bossier City, Red Chute, Eastwood, Haughton",11.5,6.7,18.5,105236,"","","",30177,"","","",56934,30.1,7.16,18.35,23.33,12.49,11.24,21.51,11.17
"A9013","https://www.example.com?address=A9013","Both","Esoph","05yrs","Bossier","Bossier City, Red Chute, Eastwood, Haughton","","","",210982,"","","",58714,"","","",56934,30.1,7.16,18.35,23.33,12.49,11.24,21.51,11.17
"A9013","https://www.example.com?address=A9013","Female","Esoph","05yrs","Bossier","Bossier City, Red Chute, Eastwood, Haughton","","","",105236,"","","",30177,"","","",56934,30.1,7.16,18.35,23.33,12.49,11.24,21.51,11.17
"A9013","https://www.example.com?address=A9013","Male","Esoph","05yrs","Bossier","Bossier City, Red Chute, Eastwood, Haughton","","","",105746,"","","",28537,"","","",56934,30.1,7.16,18.35,23.33,12.49,11.24,21.51,11.17
"A9013","https://www.example.com?address=A9013","Both","AllSite","10yrs","Bossier","Bossier City, Red Chute, Eastwood, Haughton",485.6,467.4,504.4,410189,496.3,475.7,517.6,112954,465.8,419.0,516.1,56934,30.1,7.16,18.35,23.33,12.49,11.24,21.51,11.17
"A9013","https://www.example.com?address=A9013","Female","AllSite","10yrs","Bossier","Bossier City, Red Chute, Eastwood, Haughton",413.2,390.3,437.1,205185,421.5,395.3,449.1,58462,394.0,338.2,456.2,56934,30.1,7.16,18.35,23.33,12.49,11.24,21.51,11.17
"A9013","https://www.example.com?address=A9013","Male","AllSite","10yrs","Bossier","Bossier City, Red Chute, Eastwood, Haughton",576.0,546.7,606.4,205005,587.9,555.2,622.0,54492,557.3,478.3,644.8,56934,30.1,7.16,18.35,23.33,12.49,11.24,21.51,11.17
"A9013","https://www.example.com?address=A9013","Male","Prostate","10yrs","Bossier","Bossier City, Red Chute, Eastwood, Haughton",149.7,135.1,165.4,205005,142.6,126.9,159.7,54492,179.1,139.3,226.6,56934,30.1,7.16,18.35,23.33,12.49,11.24,21.51,11.17
"A9013","https://www.example.com?address=A9013","Both","Lung","10yrs","Bossier","Bossier City, Red Chute, Eastwood, Haughton",81.7,74.4,89.7,410189,85.3,77.0,94.3,112954,64.0,47.6,83.9,56934,30.1,7.16,18.35,23.33,12.49,11.24,21.51,11.17
"A9013","https://www.example.com?address=A9013","Female","Lung","10yrs","Bossier","Bossier City, Red Chute, Eastwood, Haughton",68.5,59.4,78.6,205185,74.5,63.9,86.3,58462,42.0,25.7,64.7,56934,30.1,7.16,18.35,23.33,12.49,11.24,21.51,11.17
"A9013","https://www.example.com?address=A9013","Male","Lung","10yrs","Bossier","Bossier City, Red Chute, Eastwood, Haughton",98.3,86.3,111.4,205005,99.2,86.1,113.8,54492,90.1,61.1,127.6,56934,30.1,7.16,18.35,23.33,12.49,11.24,21.51,11.17
"A9013","https://www.example.com?address=A9013","Female","Breast","10yrs","Bossier","Bossier City, Red Chute, Eastwood, Haughton",111.9,100.1,124.6,205185,108.2,95.1,122.7,58462,132.4,101.9,169.2,56934,30.1,7.16,18.35,23.33,12.49,11.24,21.51,11.17
"A9013","https://www.example.com?address=A9013","Both","CRC","10yrs","Bossier","Bossier City, Red Chute, Eastwood, Haughton",45.7,40.2,51.7,410189,45.5,39.5,52.3,112954,55.6,39.5,75.5,56934,30.1,7.16,18.35,23.33,12.49,11.24,21.51,11.17
"A9013","https://www.example.com?address=A9013","Female","CRC","10yrs","Bossier","Bossier City, Red Chute, Eastwood, Haughton",37.6,30.9,45.3,205185,37.1,29.7,45.9,58462,43.4,26.0,67.8,56934,30.1,7.16,18.35,23.33,12.49,11.24,21.51,11.17
"A9013","https://www.example.com?address=A9013","Male","CRC","10yrs","Bossier","Bossier City, Red Chute, Eastwood, Haughton",55.3,46.5,65.3,205005,55.0,45.4,66.2,54492,70.9,43.0,108.7,56934,30.1,7.16,18.35,23.33,12.49,11.24,21.51,11.17
"A9013","https://www.example.com?address=A9013","Both","Kidney","10yrs","Bossier","Bossier City, Red Chute, Eastwood, Haughton",19.7,16.2,23.7,410189,19.2,15.3,23.8,112954,20.4,12.2,32.0,56934,30.1,7.16,18.35,23.33,12.49,11.24,21.51,11.17
"A9013","https://www.example.com?address=A9013","Female","Kidney","10yrs","Bossier","Bossier City, Red Chute, Eastwood, Haughton",14.8,10.7,19.8,205185,14.9,10.3,21.1,58462,"","","",56934,30.1,7.16,18.35,23.33,12.49,11.24,21.51,11.17
"A9013","https://www.example.com?address=A9013","Male","Kidney","10yrs","Bossier","Bossier City, Red Chute, Eastwood, Haughton",25.8,19.9,32.9,205005,24.2,18.0,32.0,54492,"","","",56934,30.1,7.16,18.35,23.33,12.49,11.24,21.51,11.17
"A9013","https://www.example.com?address=A9013","Both","NHL","10yrs","Bossier","Bossier City, Red Chute, Eastwood, Haughton",20.7,17.0,24.9,410189,22.0,17.8,26.9,112954,"","","",56934,30.1,7.16,18.35,23.33,12.49,11.24,21.51,11.17
"A9013","https://www.example.com?address=A9013","Female","NHL","10yrs","Bossier","Bossier City, Red Chute, Eastwood, Haughton",16.8,12.4,22.3,205185,17.8,12.8,24.2,58462,"","","",56934,30.1,7.16,18.35,23.33,12.49,11.24,21.51,11.17
"A9013","https://www.example.com?address=A9013","Male","NHL","10yrs","Bossier","Bossier City, Red Chute, Eastwood, Haughton",24.6,18.8,31.5,205005,26.1,19.6,34.2,54492,"","","",56934,30.1,7.16,18.35,23.33,12.49,11.24,21.51,11.17
"A9013","https://www.example.com?address=A9013","Both","Urinary","10yrs","Bossier","Bossier City, Red Chute, Eastwood, Haughton",16.4,13.1,20.2,410189,18.1,14.3,22.5,112954,"","","",56934,30.1,7.16,18.35,23.33,12.49,11.24,21.51,11.17
"A9013","https://www.example.com?address=A9013","Female","Urinary","10yrs","Bossier","Bossier City, Red Chute, Eastwood, Haughton",7.8,4.9,11.9,205185,8.4,5.0,13.2,58462,"","","",56934,30.1,7.16,18.35,23.33,12.49,11.24,21.51,11.17
"A9013","https://www.example.com?address=A9013","Male","Urinary","10yrs","Bossier","Bossier City, Red Chute, Eastwood, Haughton",27.1,20.9,34.4,205005,29.9,22.8,38.4,54492,"","","",56934,30.1,7.16,18.35,23.33,12.49,11.24,21.51,11.17
"A9013","https://www.example.com?address=A9013","Both","Mela","10yrs","Bossier","Bossier City, Red Chute, Eastwood, Haughton",17.7,14.3,21.7,410189,21.6,17.4,26.5,112954,"","","",56934,30.1,7.16,18.35,23.33,12.49,11.24,21.51,11.17
"A9013","https://www.example.com?address=A9013","Female","Mela","10yrs","Bossier","Bossier City, Red Chute, Eastwood, Haughton",12.7,9.0,17.5,205185,16.3,11.4,22.7,58462,"","","",56934,30.1,7.16,18.35,23.33,12.49,11.24,21.51,11.17
"A9013","https://www.example.com?address=A9013","Male","Mela","10yrs","Bossier","Bossier City, Red Chute, Eastwood, Haughton",24.5,18.5,31.6,205005,28.7,21.6,37.3,54492,"","","",56934,30.1,7.16,18.35,23.33,12.49,11.24,21.51,11.17
"A9013","https://www.example.com?address=A9013","Both","Pancreas","10yrs","Bossier","Bossier City, Red Chute, Eastwood, Haughton",12.1,9.4,15.5,410189,13.3,10.1,17.3,112954,"","","",56934,30.1,7.16,18.35,23.33,12.49,11.24,21.51,11.17
"A9013","https://www.example.com?address=A9013","Female","Pancreas","10yrs","Bossier","Bossier City, Red Chute, Eastwood, Haughton",11.8,8.2,16.5,205185,13.3,9.1,18.9,58462,"","","",56934,30.1,7.16,18.35,23.33,12.49,11.24,21.51,11.17
"A9013","https://www.example.com?address=A9013","Male","Pancreas","10yrs","Bossier","Bossier City, Red Chute, Eastwood, Haughton",12.6,8.5,17.9,205005,13.4,8.8,19.6,54492,"","","",56934,30.1,7.16,18.35,23.33,12.49,11.24,21.51,11.17
"A9013","https://www.example.com?address=A9013","Both","Leuks","10yrs","Bossier","Bossier City, Red Chute, Eastwood, Haughton",13.8,10.9,17.2,410189,15.3,11.9,19.5,112954,"","","",56934,30.1,7.16,18.35,23.33,12.49,11.24,21.51,11.17
"A9013","https://www.example.com?address=A9013","Female","Leuks","10yrs","Bossier","Bossier City, Red Chute, Eastwood, Haughton",11.5,7.9,16.2,205185,11.8,7.6,17.4,58462,"","","",56934,30.1,7.16,18.35,23.33,12.49,11.24,21.51,11.17
"A9013","https://www.example.com?address=A9013","Male","Leuks","10yrs","Bossier","Bossier City, Red Chute, Eastwood, Haughton",16.5,12.0,22.1,205005,19.3,13.9,26.2,54492,"","","",56934,30.1,7.16,18.35,23.33,12.49,11.24,21.51,11.17
"A9013","https://www.example.com?address=A9013","Both","Oral","10yrs","Bossier","Bossier City, Red Chute, Eastwood, Haughton",15.2,12.1,18.7,410189,17.6,13.9,22.0,112954,"","","",56934,30.1,7.16,18.35,23.33,12.49,11.24,21.51,11.17
"A9013","https://www.example.com?address=A9013","Female","Oral","10yrs","Bossier","Bossier City, Red Chute, Eastwood, Haughton",7.7,4.9,11.5,205185,9.4,5.9,14.3,58462,"","","",56934,30.1,7.16,18.35,23.33,12.49,11.24,21.51,11.17
"A9013","https://www.example.com?address=A9013","Male","Oral","10yrs","Bossier","Bossier City, Red Chute, Eastwood, Haughton",23.3,17.8,29.8,205005,26.2,19.7,34.1,54492,"","","",56934,30.1,7.16,18.35,23.33,12.49,11.24,21.51,11.17
"A9013","https://www.example.com?address=A9013","Both","Thyroid","10yrs","Bossier","Bossier City, Red Chute, Eastwood, Haughton",11.9,9.2,15.1,410189,13.0,9.7,16.9,112954,"","","",56934,30.1,7.16,18.35,23.33,12.49,11.24,21.51,11.17
"A9013","https://www.example.com?address=A9013","Female","Thyroid","10yrs","Bossier","Bossier City, Red Chute, Eastwood, Haughton",16.9,12.5,22.4,205185,17.7,12.4,24.5,58462,"","","",56934,30.1,7.16,18.35,23.33,12.49,11.24,21.51,11.17
"A9013","https://www.example.com?address=A9013","Male","Thyroid","10yrs","Bossier","Bossier City, Red Chute, Eastwood, Haughton",6.7,4.0,10.6,205005,8.2,4.8,13.1,54492,"","","",56934,30.1,7.16,18.35,23.33,12.49,11.24,21.51,11.17
"A9013","https://www.example.com?address=A9013","Female","Uterine","10yrs","Bossier","Bossier City, Red Chute, Eastwood, Haughton",18.0,13.5,23.4,205185,17.1,12.2,23.4,58462,"","","",56934,30.1,7.16,18.35,23.33,12.49,11.24,21.51,11.17
"A9013","https://www.example.com?address=A9013","Both","Liver","10yrs","Bossier","Bossier City, Red Chute, Eastwood, Haughton",6.9,4.9,9.4,410189,8.0,5.6,11.1,112954,"","","",56934,30.1,7.16,18.35,23.33,12.49,11.24,21.51,11.17
"A9013","https://www.example.com?address=A9013","Female","Liver","10yrs","Bossier","Bossier City, Red Chute, Eastwood, Haughton","","","",205185,"","","",58462,"","","",56934,30.1,7.16,18.35,23.33,12.49,11.24,21.51,11.17
"A9013","https://www.example.com?address=A9013","Male","Liver","10yrs","Bossier","Bossier City, Red Chute, Eastwood, Haughton",10.6,7.1,15.3,205005,12.9,8.5,18.7,54492,"","","",56934,30.1,7.16,18.35,23.33,12.49,11.24,21.51,11.17
"A9013","https://www.example.com?address=A9013","Both","Stomach","10yrs","Bossier","Bossier City, Red Chute, Eastwood, Haughton",7.3,5.2,10.0,410189,5.7,3.7,8.5,112954,"","","",56934,30.1,7.16,18.35,23.33,12.49,11.24,21.51,11.17
"A9013","https://www.example.com?address=A9013","Female","Stomach","10yrs","Bossier","Bossier City, Red Chute, Eastwood, Haughton","","","",205185,"","","",58462,"","","",56934,30.1,7.16,18.35,23.33,12.49,11.24,21.51,11.17
"A9013","https://www.example.com?address=A9013","Male","Stomach","10yrs","Bossier","Bossier City, Red Chute, Eastwood, Haughton",12.8,8.6,18.2,205005,11.2,7.0,17.0,54492,"","","",56934,30.1,7.16,18.35,23.33,12.49,11.24,21.51,11.17
"A9013","https://www.example.com?address=A9013","Both","Myeloma","10yrs","Bossier","Bossier City, Red Chute, Eastwood, Haughton",7.2,5.2,9.9,410189,6.5,4.3,9.3,112954,"","","",56934,30.1,7.16,18.35,23.33,12.49,11.24,21.51,11.17
"A9013","https://www.example.com?address=A9013","Female","Myeloma","10yrs","Bossier","Bossier City, Red Chute, Eastwood, Haughton",6.9,4.2,10.6,205185,"","","",58462,"","","",56934,30.1,7.16,18.35,23.33,12.49,11.24,21.51,11.17
"A9013","https://www.example.com?address=A9013","Male","Myeloma","10yrs","Bossier","Bossier City, Red Chute, Eastwood, Haughton",8.0,4.8,12.5,205005,8.2,4.6,13.3,54492,"","","",56934,30.1,7.16,18.35,23.33,12.49,11.24,21.51,11.17
"A9013","https://www.example.com?address=A9013","Both","Brain","10yrs","Bossier","Bossier City, Red Chute, Eastwood, Haughton",7.5,5.4,10.1,410189,7.7,5.3,10.8,112954,"","","",56934,30.1,7.16,18.35,23.33,12.49,11.24,21.51,11.17
"A9013","https://www.example.com?address=A9013","Female","Brain","10yrs","Bossier","Bossier City, Red Chute, Eastwood, Haughton",7.7,4.8,11.6,205185,8.7,5.2,13.6,58462,"","","",56934,30.1,7.16,18.35,23.33,12.49,11.24,21.51,11.17
"A9013","https://www.example.com?address=A9013","Male","Brain","10yrs","Bossier","Bossier City, Red Chute, Eastwood, Haughton",7.3,4.4,11.5,205005,"","","",54492,"","","",56934,30.1,7.16,18.35,23.33,12.49,11.24,21.51,11.17
"A9013","https://www.example.com?address=A9013","Both","Larynx","10yrs","Bossier","Bossier City, Red Chute, Eastwood, Haughton",6.0,4.1,8.4,410189,5.4,3.5,8.0,112954,"","","",56934,30.1,7.16,18.35,23.33,12.49,11.24,21.51,11.17
"A9013","https://www.example.com?address=A9013","Female","Larynx","10yrs","Bossier","Bossier City, Red Chute, Eastwood, Haughton","","","",205185,"","","",58462,"","","",56934,30.1,7.16,18.35,23.33,12.49,11.24,21.51,11.17
"A9013","https://www.example.com?address=A9013","Male","Larynx","10yrs","Bossier","Bossier City, Red Chute, Eastwood, Haughton",10.3,6.6,15.2,205005,9.1,5.5,14.4,54492,"","","",56934,30.1,7.16,18.35,23.33,12.49,11.24,21.51,11.17
"A9013","https://www.example.com?address=A9013","Female","Ovary","10yrs","Bossier","Bossier City, Red Chute, Eastwood, Haughton",9.0,5.9,13.2,205185,10.9,7.0,16.2,58462,"","","",56934,30.1,7.16,18.35,23.33,12.49,11.24,21.51,11.17
"A9013","https://www.example.com?address=A9013","Both","Esoph","10yrs","Bossier","Bossier City, Red Chute, Eastwood, Haughton",5.2,3.5,7.5,410189,6.1,4.0,8.9,112954,"","","",56934,30.1,7.16,18.35,23.33,12.49,11.24,21.51,11.17
"A9013","https://www.example.com?address=A9013","Female","Esoph","10yrs","Bossier","Bossier City, Red Chute, Eastwood, Haughton","","","",205185,"","","",58462,"","","",56934,30.1,7.16,18.35,23.33,12.49,11.24,21.51,11.17
"A9013","https://www.example.com?address=A9013","Male","Esoph","10yrs","Bossier","Bossier City, Red Chute, Eastwood, Haughton",8.8,5.5,13.2,205005,9.9,6.1,15.2,54492,"","","",56934,30.1,7.16,18.35,23.33,12.49,11.24,21.51,11.17
